{
  "gcc-4.9.4": {
    "gcc-4.9.4": 1.0,
    "gcc-5.5.0": 0.9480551574161024,
    "gcc-6.4.0": 0.9444214876033058,
    "gcc-7.3.0": 0.9241089307168602,
    "clang-4.0": 0.6169166312465845,
    "clang-5.0": 0.6204911291270121,
    "clang-6.0": 0.6207976366322009,
    "clang-7.0": 0.6157452311671516
  },
  "gcc-5.5.0": {
    "gcc-4.9.4": 0.9480551574161024,
    "gcc-5.5.0": 1.0,
    "gcc-6.4.0": 0.9741196650186661,
    "gcc-7.3.0": 0.9424601232997358,
    "clang-4.0": 0.6189096499526963,
    "clang-5.0": 0.6298358397428538,
    "clang-6.0": 0.626447709593777,
    "clang-7.0": 0.6221003795866723
  },
  "gcc-6.4.0": {
    "gcc-4.9.4": 0.9444214876033058,
    "gcc-5.5.0": 0.9741196650186661,
    "gcc-6.4.0": 1.0,
    "gcc-7.3.0": 0.9625800595088002,
    "clang-4.0": 0.6235336151968082,
    "clang-5.0": 0.6247435123717562,
    "clang-6.0": 0.6228723726452238,
    "clang-7.0": 0.6206934812760055
  },
  "gcc-7.3.0": {
    "gcc-4.9.4": 0.9241089307168602,
    "gcc-5.5.0": 0.9424601232997358,
    "gcc-6.4.0": 0.9625800595088002,
    "gcc-7.3.0": 1.0,
    "clang-4.0": 0.6260358507199529,
    "clang-5.0": 0.633482091772514,
    "clang-6.0": 0.6295291945534272,
    "clang-7.0": 0.6255474067429958
  },
  "clang-4.0": {
    "gcc-4.9.4": 0.6169166312465845,
    "gcc-5.5.0": 0.6189096499526963,
    "gcc-6.4.0": 0.6235336151968082,
    "gcc-7.3.0": 0.6260358507199529,
    "clang-4.0": 1.0,
    "clang-5.0": 0.9538373860182371,
    "clang-6.0": 0.950695690114898,
    "clang-7.0": 0.9196576346526694
  },
  "clang-5.0": {
    "gcc-4.9.4": 0.6204911291270121,
    "gcc-5.5.0": 0.6298358397428538,
    "gcc-6.4.0": 0.6247435123717562,
    "gcc-7.3.0": 0.633482091772514,
    "clang-4.0": 0.9538373860182371,
    "clang-5.0": 1.0,
    "clang-6.0": 0.9799955046077771,
    "clang-7.0": 0.9484993628334139
  },
  "clang-6.0": {
    "gcc-4.9.4": 0.6207976366322009,
    "gcc-5.5.0": 0.626447709593777,
    "gcc-6.4.0": 0.6228723726452238,
    "gcc-7.3.0": 0.6295291945534272,
    "clang-4.0": 0.950695690114898,
    "clang-5.0": 0.9799955046077771,
    "clang-6.0": 1.0,
    "clang-7.0": 0.963079374916995
  },
  "clang-7.0": {
    "gcc-4.9.4": 0.6157452311671516,
    "gcc-5.5.0": 0.6221003795866723,
    "gcc-6.4.0": 0.6206934812760055,
    "gcc-7.3.0": 0.6255474067429958,
    "clang-4.0": 0.9196576346526694,
    "clang-5.0": 0.9484993628334139,
    "clang-6.0": 0.963079374916995,
    "clang-7.0": 1.0
  }
}